care,0.01499531396438613
provid,0.014707413737128716
servic,0.008732565191024864
qualiti,0.007824879203427297
home,0.007640994542146755
solut,0.0072771376591873865
health,0.006190911013060278
highest,0.006064281382656155
offer,0.006064281382656155
skin,0.005457853244390539
therapi,0.005457853244390539
hair,0.005457853244390539
test,0.005457853244390539
adult,0.005457853244390539
healthcar,0.004974766422382338
serv,0.004851425106124924
special,0.004366282595512432
product,0.004270264806953709
high,0.004244996967859308
independ,0.004244996967859308
condit,0.004244996967859308
fertil,0.004244996967859308
natur,0.0036602269773888937
deliv,0.0036385688295936932
largest,0.0036385688295936932
suppli,0.0036385688295936932
imag,0.0036385688295936932
compani,0.0036385688295936932
area,0.0036385688295936932
rang,0.0036385688295936932
comprehens,0.0036385688295936932
knowledg,0.0036385688295936932
pharmaceut,0.0036385688295936932
industri,0.0036385688295936932
state,0.0036385688295936932
co,0.0033157672882946835
pregnanc,0.0030321406913280777
plan,0.0030321406913280777
behavior,0.0030321406913280777
supplier,0.0030321406913280777
effect,0.0030321406913280777
control,0.0030321406913280777
fit,0.0030321406913280777
mobil,0.0030321406913280777
except,0.0030321406913280777
facil,0.0030321406913280777
specialis,0.0030321406913280777
connect,0.0030321406913280777
diagnost,0.0030321406913280777
design,0.0030321406913280777
sleep,0.0030321406913280777
full,0.0029854923729999536
treatment,0.0028730775730944733
improv,0.0027711463027074333
medic,0.0026462318760681405
practic,0.0026366440794157197
elimin,0.002425712553062462
worldwid,0.002425712553062462
standard,0.002425712553062462
hour,0.002425712553062462
canada,0.002425712553062462
pharma,0.002425712553062462
devic,0.002425712553062462
relev,0.002425712553062462
invas,0.002425712553062462
facebook,0.002425712553062462
local,0.002425712553062462
comfort,0.002425712553062462
restor,0.002425712553062462
ed,0.002425712553062462
stroke,0.002425712553062462
hemp,0.002425712553062462
possibl,0.002425712553062462
tool,0.002425712553062462
pharmaci,0.002425712553062462
manufactur,0.002425712553062462
individu,0.0022327581454324934
hospit,0.0022011095388900117
patient,0.002142417656354437
live,0.0020194355737318034
advanc,0.0019405700424499697
train,0.0018571861734384475
across,0.001747939927942068
centr,0.0015639462513165872
us,0.0015593866412544398
base,0.0015350212249848393
children,0.001532028980881555
dedic,0.001528704265211239
heal,0.0015160703456640388
world,0.0014645811641131846
center,0.0014111116294257592
leader,0.0013644633110976349
market,0.0013506808534097798
free,0.0013341419041843542
educ,0.0012926494526188119
consult,0.0012902726346076926
onlin,0.0012902726346076926
anxieti,0.0012633919547200324
clinic,0.0011108403280379498
non,0.001091570648878108
power,0.0010829073897600278
physician,0.0010395910941696266
keep,0.0010107135637760258
dementia,0.0010037431254051568
diabet,0.0009923369535255527
use,0.0009923369535255527
lead,0.000982413583990297
help,0.000981628281365205
pediatr,0.0009702850212249849
beauti,0.0009702850212249849
disord,0.0009625843464533579
profession,0.0009096422073984232
inform,0.0008918060856847287
commun,0.0008911856988425132
technolog,0.000873969963971034
call,0.0008422613031466883
drug,0.0008085708510208206
epilepsi,0.0007979317608758098
advic,0.0007580351728320194
manag,0.0007557027569156132
check,0.0007463730932499884
self,0.0007463730932499884
latest,0.0007219382598400184
well,0.0007056618336181708
intern,0.0007042391283084567
trust,0.0006930607294464178
women,0.0006468566808166565
teach,0.0006468566808166565
pharmacist,0.0006468566808166565
md,0.0006316959773600162
group,0.0006064281382656155
com,0.0006064281382656155
offici,0.0006064281382656154
innov,0.0006064281382656154
healthi,0.0005831039791015535
specialist,0.0005745108678305831
assist,0.0005707558948382264
peopl,0.0005558924600768142
one,0.0005466394485774562
global,0.000545785324439054
aid,0.0005227828778151858
doctor,0.0005227828778151858
give,0.0005106763269605183
senior,0.0005106763269605183
develop,0.0005036437080511044
surgeri,0.0004890549502142061
team,0.00048514251061249243
mission,0.00048514251061249243
book,0.0004792738512099219
brain,0.0004792738512099219
best,0.0004737719830200121
person,0.00047330976645121217
injuri,0.0004620404862976118
account,0.00045482110369921165
need,0.00045482110369921165
news,0.00043469627610190137
coach,0.00043316295590401107
review,0.0004218630527065151
age,0.00042113065157334414
aim,0.0004042854255104103
mental,0.00039203435201009494
expert,0.000388114008489994
uk,0.0003859088152599371
eat,0.0003731865466249942
medicin,0.0003638568829593693
diseas,0.0003559469507211221
get,0.00035257449899163694
new,0.00035257449899163694
oncolog,0.0003465303647232089
resourc,0.0003345810418017189
access,0.0003345810418017189
prevent,0.00032958050992696496
back,0.00032342834040832827
nurs,0.0003158479886800081
share,0.00030321406913280777
busi,0.00030321406913280777
research,0.00029601915901779195
support,0.00029590770602117385
cancer,0.00028222232588515187
nation,0.00028075376771556274
passion,0.000272892662219527
member,0.00027072684744000694
learn,0.00025696107553627775
foundat,0.00025533816348025914
art,0.00025533816348025914
nhs,0.0002310202431488059
organ,0.00022564767935464764
right,0.0002156188936055522
associ,0.00021093152635325756
media,0.0002064436215372308
like,0.0001865932733124971
social,0.00016128407932596158
famili,0.00016128407932596158
follow,0.00015470105568000396
autism,0.00015160703456640388
endors,0.00013861214588928354
scienc,0.0001329157563321897
love,0.00012842007633860093
life,0.00010174968762845898
work,9.420242924514415e-05
