"tag","total_tweets","avg_unique_hashtag","avg_unique_mention","avg_unique_urls","avg_unique_media","avg_unique_symbol","avg_unique_anyentity","avg_hashtags","avg_mention","avg_urls","avg_media","avg_symbol","avg_anyentity","avg_tweet_uniquewords","avg_tweet_length","avg_tweet_density"
"#Coronavirus","69","0.8116","0.1594","0.6957","0.0435","0.0000","1.7101","3.2609","0.6812","1.0580","0.0725","0.0000","5.0725","4.6667","16.4348","0.2840"
"#Hidradenitis","293","0.2765","0.1945","0.0956","0.0410","0.0000","0.6075","2.0785","0.5290","0.3652","0.1024","0.0000","3.0751","3.0273","16.0478","0.1886"
"#ankylosingspondylitis","2557","0.3043","0.1826","0.1623","0.1271","0.0000","0.7763","3.8048","1.7204","0.6230","0.5334","0.0000","6.6817","2.5377","21.2135","0.1196"
"#LymeDisease","12610","0.2358","0.1789","0.2359","0.1370","0.0002","0.7878","3.5752","1.2643","0.8940","0.5546","0.0002","6.2883","1.9488","21.3641","0.0912"
"#PediatricCancer","2047","0.2956","0.1744","0.0987","0.0997","0.0005","0.6688","3.8002","2.2745","0.3679","0.8271","0.0010","7.2706","1.8872","21.2990","0.0886"
"#appendicitis","184","0.9674","0.2609","0.3152","0.2772","0.0000","1.8207","3.7228","1.1033","0.9620","0.6685","0.0000","6.4565","5.2228","17.6630","0.2957"
"#Thalassemia","2150","0.3326","0.1753","0.1233","0.1516","0.0009","0.7837","3.8279","1.5493","0.4079","0.5884","0.0060","6.3795","2.0684","20.8651","0.0991"
"#trachoma","707","0.1810","0.1881","0.1429","0.0905","0.0000","0.6025","3.2603","3.6294","0.9095","0.7157","0.0000","8.5149","2.2956","21.9958","0.1044"
"#Legionnaires","326","0.6074","0.5460","0.4233","0.2086","0.0000","1.7853","3.1104","1.9908","0.8558","0.5245","0.0000","6.4816","5.5429","20.1687","0.2748"
"#problemgambling","398","0.3869","0.2236","0.3216","0.1985","0.0000","1.1307","2.4347","0.8693","0.8166","0.5980","0.0000","4.7186","4.5352","21.2437","0.2135"
"unknown-#thmcsm","0","0","0","0","0","0","0","0","0","0","0","0","0","0","0","0"
"#Candidiasis","198","0.8283","0.1212","0.2172","0.1566","0.0000","1.3232","2.8434","0.3939","0.6162","0.3889","0.0000","4.2424","3.5758","17.2273","0.2076"
"#ESRD","469","0.3262","0.2452","0.2985","0.3049","0.0000","1.1748","4.0000","1.0917","1.0021","0.6247","0.0000","6.7186","4.0661","22.4222","0.1813"
"#TSComplex","2","2.0000","0.5000","0.5000","0.5000","0.0000","3.5000","4.0000","0.5000","1.0000","1.0000","0.0000","6.5000","15.0000","26.0000","0.5769"
"#CLL","746","0.4464","0.2842","0.2922","0.1796","0.0080","1.2078","3.4464","1.7172","0.8365","0.5603","0.0214","6.5818","4.1381","22.1568","0.1868"
"#Gastroparesis","1384","0.4632","0.1864","0.1510","0.1156","0.0000","0.9162","4.0585","1.3988","0.4632","0.5650","0.0000","6.4855","3.5007","22.7861","0.1536"
"#PlantarFascitis","21","1.4762","0.2857","0.5238","0.2381","0.0000","2.5238","3.0476","0.2857","1.0952","0.4286","0.0000","4.8571","8.8095","19.6190","0.4490"
"#BrainInjury","6732","0.3543","0.2654","0.2803","0.1468","0.0003","1.0471","4.4675","1.7629","0.8651","0.4553","0.0006","7.5514","2.4190","22.1907","0.1090"
"#LiverCancer","878","0.5968","0.2278","0.2916","0.2039","0.0000","1.3200","4.3895","1.2938","0.8815","0.5558","0.0000","7.1207","3.5626","20.1993","0.1764"
"unknown-#ESUSaware","28119","0.2602","0.2013","0.2110","0.1662","0.0006","0.8391","4.2795","1.6033","0.7460","0.5780","0.0049","7.2116","1.6822","21.3971","0.0786"
"#SLE","1422","0.5942","0.2250","0.1878","0.1336","0.0007","1.1406","5.3158","1.6948","0.5485","0.3706","0.0021","7.9318","3.1069","20.9895","0.1480"
"#CIDP","105","0.7143","0.4000","0.2667","0.1619","0.0000","1.5429","6.0190","1.3524","0.7905","0.6286","0.0000","8.7905","5.8857","20.7238","0.2840"
"#Crohns","13596","0.2583","0.1511","0.2917","0.1352","0.0004","0.8366","5.3642","1.1867","1.0106","0.6174","0.0009","8.1798","1.8697","22.0928","0.0846"
"#CaudaEquina","58","0.5862","0.6552","0.2414","0.2241","0.0000","1.7069","2.7586","1.7759","0.7931","0.4655","0.0000","5.7931","6.9138","22.4138","0.3085"
"#Haemochromatosis","130","0.6769","0.3538","0.2462","0.1769","0.0000","1.4538","2.8077","1.8615","0.7615","0.4462","0.0000","5.8769","6.4077","22.2154","0.2884"
"#Leptospirosis","182","0.4945","0.3297","0.2143","0.0879","0.0000","1.1264","5.8681","2.2747","1.1264","0.5110","0.0000","9.7802","3.9176","20.5604","0.1905"
"#CleftLip","800","0.3500","0.1038","0.1363","0.1425","0.0000","0.7325","4.3850","0.9788","0.9300","0.8688","0.0000","7.1625","2.6175","19.6288","0.1334"
"#SIDS","2972","0.3479","0.2547","0.1689","0.1443","0.0000","0.9159","4.7961","2.1632","0.8641","0.7281","0.0000","8.5515","2.2517","20.3738","0.1105"
"#Osteoarthritis","3851","0.4152","0.2420","0.2869","0.1787","0.0021","1.1246","3.8920","1.3794","0.8159","0.5365","0.0187","6.6424","2.7943","20.3352","0.1374"
"#PeanutAllergy","393","0.8168","0.3639","0.3791","0.1959","0.0000","1.7557","3.9898","1.1425","0.8702","0.3969","0.0000","6.3995","5.2036","20.5776","0.2529"
"#OsteogenesisImperfecta","249","0.7952","0.3293","0.2209","0.3735","0.0000","1.7189","3.9920","1.5301","0.6627","0.8353","0.0000","7.0201","4.8112","25.0602","0.1920"
"#ShakenBabyFacts","0","0","0","0","0","0","0","0","0","0","0","0","0","0","0","0"
"#SystemicSclerosis","37","3.2162","0.3514","0.3784","0.2973","0.0000","4.2432","10.6757","0.6216","0.5405","0.6486","0.0000","12.4865","10.3784","20.3243","0.5106"
"#Asbestosis","167","1.1437","0.4731","0.2515","0.3174","0.0000","2.1856","5.5868","2.4790","0.6527","0.4491","0.0000","9.1677","5.2934","21.6587","0.2444"
"#MemoryLoss","704","0.9290","0.3935","0.3139","0.2372","0.0000","1.8736","5.1165","1.1264","0.8139","0.4418","0.0000","7.4986","5.2230","22.7628","0.2295"
"#CowdensSyndrome","18","0.9444","0.1667","0.5000","0.1667","0.0000","1.7778","4.0556","0.7222","1.1111","0.3889","0.0000","6.2778","7.3333","20.0000","0.3667"
"#Duchenne","1181","0.3175","0.2142","0.2396","0.2227","0.0051","0.9992","3.2854","1.6190","0.8163","0.6774","0.0440","6.4420","3.4725","21.6622","0.1603"
"#Melanoma","9590","0.2505","0.1788","0.2495","0.1809","0.0008","0.8605","3.1499","1.1991","0.8100","0.6685","0.0075","5.8350","2.0030","20.6263","0.0971"
"#hypophosphatasia","26","0.7692","0.1538","0.2692","0.1154","0.0000","1.3077","2.0769","0.4231","0.5000","0.1923","0.0000","3.1923","12.2308","30.8846","0.3960"
"#EhlersDanlos","1302","0.3863","0.2473","0.2043","0.1352","0.0000","0.9731","4.7181","1.1912","0.8395","0.4578","0.0000","7.2066","3.6306","22.1290","0.1641"
"#IOMCardiacArrest","1808","0.4375","0.3048","0.2340","0.1283","0.0006","1.1045","4.3020","1.8363","0.9369","0.6521","0.0006","7.7279","3.0658","21.6648","0.1415"
"#STEMI","459","0.4837","0.3704","0.1874","0.1394","0.0000","1.1808","3.7233","2.9107","0.7102","0.7146","0.0000","8.0588","3.6623","20.6362","0.1775"
"#Tuberculosis","4481","0.2504","0.2205","0.1868","0.1158","0.0000","0.7735","3.5782","2.0743","0.8636","0.6345","0.0000","7.1506","2.0574","20.6748","0.0995"
"#FGID","286","0.3462","0.2168","0.1888","0.1014","0.0000","0.8531","4.1469","2.6713","0.7133","0.6294","0.0000","8.1608","3.6923","22.1154","0.1670"
"#IIH","342","0.4708","0.5614","0.0731","0.0965","0.0000","1.2018","3.3860","4.1637","0.5029","0.5175","0.0000","8.5702","4.0439","21.8655","0.1849"
"#Pompe","49","1.4694","0.6939","0.3878","0.1837","0.0204","2.7551","3.6939","1.3673","0.7143","0.2653","0.0204","6.0612","7.4694","17.1633","0.4352"
"#varicocele","84","0.8929","0.1786","0.2619","0.3095","0.0000","1.6429","6.6905","0.5476","0.8095","0.8452","0.0000","8.8929","4.5714","17.2857","0.2645"
"#Narcolepsy","1083","0.6417","0.3970","0.2318","0.2918","0.0000","1.5623","5.1884","2.4580","0.7802","0.4469","0.0000","8.8735","4.2973","23.9483","0.1794"
"#Dementia","67900","0.1722","0.1995","0.2108","0.1502","0.0002","0.7329","3.6832","2.1545","0.8208","0.5757","0.0007","7.2349","1.3451","21.3016","0.0631"
"#Hypermobility","541","0.7726","0.2163","0.2551","0.2033","0.0000","1.4473","5.8004","0.9741","0.7098","0.3586","0.0000","7.8429","5.0536","22.5915","0.2237"
"#antiNMDAr","32","0.6875","0.1563","0.4375","0.0938","0.0000","1.3750","4.5625","0.7500","1.0938","0.5313","0.0000","6.9375","4.8438","17.6563","0.2743"
"#MacularDegeneration","460","0.6435","0.2826","0.4196","0.2609","0.0022","1.6087","4.0848","1.0174","1.0152","0.5109","0.0043","6.6326","4.8022","21.8152","0.2201"
"#Preeclampsia","1239","0.3462","0.2897","0.2268","0.1372","0.0000","1.0000","3.0242","1.6755","0.9153","0.4730","0.0000","6.0880","3.0169","21.5327","0.1401"
"unknown-#TCisNoJoke","2107","0.2402","0.2364","0.1585","0.1557","0.0000","0.7907","2.7598","2.0090","0.5937","0.7366","0.0000","6.0992","2.3237","22.4086","0.1037"
"#Endometriosis","8850","0.3215","0.1829","0.2288","0.1348","0.0001","0.8680","4.0148","1.3993","0.6997","0.4063","0.0007","6.5208","2.2939","21.6702","0.1059"
"#GERD","1575","0.4921","0.2400","0.2844","0.1778","0.0006","1.1949","4.0781","1.0959","0.8146","0.4178","0.0013","6.4076","3.4241","20.8203","0.1645"
"#Pemphigus","24","0.7500","0.3750","0.4583","0.1250","0.0000","1.7083","2.4167","1.3333","1.0000","0.4167","0.0000","5.1667","7.0000","21.2083","0.3301"
"#PTEN","327","0.5168","0.3180","0.2599","0.1743","0.0031","1.2691","4.8807","1.5321","0.6514","0.4893","0.0275","7.5810","4.5780","22.0428","0.2077"
"#Carcinoid","100","0.5000","0.3800","0.2100","0.1300","0.0000","1.2200","3.7500","2.2000","0.8200","0.7300","0.0000","7.5000","4.5000","21.0300","0.2140"
"#Gout","2559","0.3310","0.1145","0.1770","0.4592","0.0012","1.0828","2.9515","0.4228","0.7859","0.6292","0.0055","4.7948","2.5369","22.0754","0.1149"
"#Atherosclerosis","791","0.5209","0.2478","0.2794","0.1783","0.0000","1.2263","4.5638","1.6119","0.9456","0.6296","0.0000","7.7509","3.5992","19.3338","0.1862"
"#CGRP","568","0.2923","0.2588","0.2482","0.0827","0.0070","0.8891","4.1532","1.3856","0.9190","0.3380","0.0299","6.8257","3.8680","22.4190","0.1725"
"#adenomyosis","252","0.8452","0.3056","0.2302","0.1230","0.0000","1.5040","4.8016","1.2817","0.5794","0.3532","0.0000","7.0159","5.5873","22.6310","0.2469"
"#Peyronies","161","0.7019","0.2609","0.2919","0.4720","0.0000","1.7267","4.1739","0.8385","0.9006","0.5901","0.0000","6.5031","5.7950","24.9255","0.2325"
"#Thrombosis","1343","0.3783","0.1951","0.1951","0.1653","0.0000","0.9337","4.2174","1.9188","0.6828","0.7081","0.0000","7.5272","2.7610","21.3790","0.1291"
"#PsoriaticArthritis","917","0.3882","0.2083","0.1897","0.1810","0.0000","0.9673","4.4722","1.2039","0.7405","0.6805","0.0000","7.0971","3.3937","21.7252","0.1562"
"#fracture","710","1.2451","0.2859","0.3592","0.2437","0.0000","2.1338","5.3563","1.3000","0.8775","0.6113","0.0000","8.1451","5.3085","20.8155","0.2550"
"#FacialDisfigurement","25","0.9600","0.1200","0.1600","0.5200","0.0000","1.7600","2.9600","0.5600","0.7600","0.8400","0.0000","5.1200","6.8800","28.4800","0.2416"
"#Retinoblastoma","450","0.4978","0.2089","0.2156","0.2000","0.0000","1.1222","4.4689","1.1267","0.8578","0.6044","0.0000","7.0578","3.9289","23.4911","0.1673"
"#Sarcoidosis","625","0.5488","0.2672","0.2656","0.1744","0.0000","1.2560","3.7680","1.3552","0.6944","0.5392","0.0000","6.3568","4.3264","20.8592","0.2074"
"#sarcoma","1108","0.4838","0.3457","0.2635","0.1462","0.0045","1.2437","3.6083","1.9504","0.8538","0.5523","0.0063","6.9711","3.6742","20.6868","0.1776"
"#Celiac","6128","0.3933","0.2307","0.2795","0.2076","0.0000","1.1111","4.1782","1.1447","0.7229","0.5121","0.0000","6.5579","2.8740","22.0447","0.1304"
"#Deafness","1121","0.4425","0.1963","0.1508","0.1401","0.0000","0.9295","8.9902","2.3649","0.6780","0.7627","0.0000","12.7957","2.7734","20.0990","0.1380"
"#HepB","9287","0.2785","0.1929","0.2472","0.1654","0.0009","0.8846","4.4020","1.8057","0.8911","0.6303","0.0027","7.7319","2.0689","22.1018","0.0936"
"#Urticaria","377","0.4058","0.0637","0.1034","0.0371","0.0000","0.6101","2.6074","0.3289","0.4589","0.0769","0.0000","3.4721","2.2759","17.4934","0.1301"
"#SCADheart","104","0.2500","0.4327","0.4615","0.1154","0.0000","1.2596","1.5769","2.1346","1.2692","0.3462","0.0000","5.3269","6.7596","24.6154","0.2746"
"#Cirrhosis","1038","0.4056","0.1830","0.1879","0.0867","0.0019","0.8651","4.0800","1.1869","0.6040","0.3661","0.0308","6.2678","2.6156","18.3834","0.1423"
"#AnosmiaHope","0","0","0","0","0","0","0","0","0","0","0","0","0","0","0","0"
"#VisualSnow","200","0.1700","0.1050","0.0950","0.1200","0.0000","0.4900","3.7850","1.3100","0.6900","0.8200","0.0000","6.6050","3.0500","21.1200","0.1444"
"#microcephaly","63","1.0159","0.5238","0.4444","0.2381","0.0000","2.2222","4.0159","1.6190","0.9683","0.6349","0.0000","7.2381","7.7302","21.5238","0.3591"
"#myopiacontrol","52","1.0385","0.5962","0.3269","0.3269","0.0000","2.2885","3.7308","1.4615","0.5962","0.5962","0.0000","6.3846","7.2115","21.3846","0.3372"
"#MERS","572","0.3899","0.1643","0.2150","0.0542","0.0035","0.8269","4.2325","0.9843","0.6189","0.2587","0.0035","6.0979","2.7378","19.6923","0.1390"
"#Cushings","69","0.8116","0.5072","0.4348","0.2319","0.0000","1.9855","4.1304","1.1594","0.9130","0.3913","0.0000","6.5942","9.2754","25.5072","0.3636"
"#PanCan","7812","0.1720","0.1875","0.1935","0.1211","0.0040","0.6781","2.6836","2.1974","0.8813","0.4916","0.0361","6.2899","1.9242","21.6996","0.0887"
"#takotsubo","38","0.7105","0.8947","0.3421","0.1579","0.0000","2.1053","4.2632","3.5526","0.9211","0.6316","0.0000","9.3684","7.6579","19.2105","0.3986"
"#MRKH","38","0.9211","0.3947","0.2368","0.1316","0.0000","1.6842","2.8684","0.7895","0.4474","0.1842","0.0000","4.2895","10.7105","27.2368","0.3932"
"#acousticneuroma","276","0.3225","0.1522","0.1486","0.0870","0.0000","0.7101","8.5217","1.6630","0.5616","0.7428","0.0000","11.4891","3.5652","18.6667","0.1910"
"#CryptogenicStroke","65","0.2923","0.1385","0.1385","0.0462","0.0000","0.6154","3.2769","1.3385","0.8154","0.2462","0.0000","5.6769","3.6308","20.6769","0.1756"
"#pleuralEffusion","11","3.0000","0.2727","0.4545","0.4545","0.0000","4.1818","9.0000","0.7273","1.0000","1.0000","0.0000","11.7273","8.7273","17.0909","0.5106"
"#MoebiusSyndrome","18","0.5556","0.3889","0.1111","0.1667","0.0000","1.2222","3.7222","1.4444","0.2778","0.1667","0.0000","5.6111","5.3333","20.0000","0.2667"
"#Obesity","43588","0.2036","0.1651","0.1937","0.1191","0.0007","0.6821","3.9040","1.9167","0.9064","0.5620","0.0027","7.2918","1.4184","20.7659","0.0683"
"#Shingles","1541","0.7359","0.2284","0.3245","0.2349","0.0019","1.5243","4.4244","1.0461","0.8819","0.5308","0.0019","6.8851","3.6580","20.8001","0.1759"
"#Arachnoiditis","265","0.6717","0.5698","0.2075","0.0491","0.0000","1.4981","11.5849","6.2943","0.9132","0.0868","0.0000","18.8792","4.0491","21.0642","0.1922"
"#EDS","8248","0.2876","0.2019","0.1608","0.1060","0.0010","0.7563","5.1890","1.4023","0.7538","0.5302","0.0081","7.8834","2.1071","21.4196","0.0984"
"unknown-#hpbcsm","30","0.4000","0.2000","0.4333","0.2333","0.0000","1.2667","2.5000","0.8000","1.0000","0.5000","0.0000","4.8000","7.4333","17.7000","0.4200"
"#Hyperglycemia","172","0.7267","0.1105","0.2442","0.1570","0.0058","1.2384","7.5407","1.1570","0.9419","0.8953","0.0174","10.5523","3.4128","20.0988","0.1698"
"#Hodgkin","3952","0.3654","0.2017","0.2452","0.2113","0.0018","1.0253","3.9868","1.3864","0.9613","0.5296","0.0030","6.8672","2.4681","20.3188","0.1215"
"#Ichthyosis","183","0.2787","0.2514","0.2787","0.3825","0.0000","1.1913","3.5902","1.4699","0.5464","0.6885","0.0000","6.2951","4.4044","23.9290","0.1841"
"#SecondaryInfertility","95","0.8737","0.3263","0.3789","0.2316","0.0000","1.8105","4.8737","0.9158","0.7474","0.3684","0.0000","6.9053","6.5263","23.1474","0.2819"
"#TBI","13486","0.2521","0.2078","0.1752","0.1031","0.0001","0.7382","5.4690","2.5521","0.6330","0.4968","0.0002","9.1512","1.7136","23.0715","0.0743"
"#Leprosy","1221","0.3661","0.1777","0.1843","0.1360","0.0000","0.8640","3.4300","1.4611","0.8583","0.5905","0.0000","6.3399","2.9902","22.2310","0.1345"
"#StiffPersonSyndrome","6","1.1667","0.5000","0.6667","0.1667","0.0000","2.5000","2.5000","0.5000","0.8333","0.1667","0.0000","4.0000","11.1667","15.1667","0.7363"
"#Chiari","349","1.0372","0.2923","0.2034","0.1433","0.0000","1.6762","8.4413","1.4871","0.7622","0.4670","0.0000","11.1576","4.8367","21.2579","0.2275"
"#CancerChat","5708","0.1487","0.1135","0.0580","0.1111","0.0000","0.4313","8.2132","2.7940","0.7009","0.8749","0.0000","12.5830","1.0513","20.2197","0.0520"
"#Marfan","280","0.4429","0.1786","0.2000","0.1500","0.0000","0.9714","3.6607","2.1607","0.5607","0.7536","0.0000","7.1357","3.5429","19.9786","0.1773"
"unknown-#PCSM","12138","0.2139","0.2192","0.2504","0.1642","0.0004","0.8480","2.7453","1.7263","0.8786","0.5816","0.0030","5.9350","1.9474","19.8442","0.0981"
"#ALS","18373","0.2230","0.2049","0.1737","0.1317","0.0036","0.7352","3.4207","2.1819","0.8015","0.6395","0.0550","7.0986","1.6816","22.8356","0.0736"
"#UTI","10015","0.1539","0.1336","0.1269","0.1150","0.0006","0.5299","2.6702","1.3185","0.3642","0.4741","0.0008","4.8278","1.7678","19.8525","0.0890"
"#Varicose","232","0.8664","0.0776","0.2586","0.4095","0.0000","1.6121","4.6034","0.1509","0.6940","0.4698","0.0000","5.9181","5.0129","19.5819","0.2560"
"#ChurgStrauss","51","0.0784","0.0196","0.0000","0.0196","0.0000","0.1176","4.0000","0.9804","0.0000","1.0000","0.0000","5.9804","0.4902","18.0784","0.0271"
"#Seizures","3052","0.5485","0.2251","0.2199","0.3231","0.0016","1.3182","6.4472","1.8293","0.9921","0.6936","0.0016","9.9640","2.9564","24.6144","0.1201"
"unknown-#OCAMChat","6423","0.2356","0.1893","0.2337","0.1540","0.0011","0.8132","3.2114","1.4433","0.8143","0.6128","0.0076","6.0894","2.0445","20.9891","0.0974"
"#Lupus","21043","0.2017","0.1492","0.1503","0.1347","0.0003","0.6361","4.3639","1.4029","0.5595","0.6389","0.0012","6.9664","1.4511","21.2266","0.0684"
"#basalcellcarcinoma","68","0.6618","0.1912","0.1912","0.2059","0.0000","1.2500","6.4265","1.0000","0.8676","0.6618","0.0000","8.9559","3.8382","20.2353","0.1897"
"#delirium","3442","0.2632","0.2629","0.1580","0.1232","0.0000","0.8074","3.2818","2.5596","0.8783","0.6162","0.0000","7.3359","2.1110","19.4881","0.1083"
"#Dyslexia","15968","0.2210","0.2243","0.2141","0.1441","0.0000","0.8035","4.1501","1.5903","0.8228","0.4753","0.0000","7.0384","1.7553","21.3397","0.0823"
"#YeastInfection","550","0.2636","0.0582","0.1018","0.1309","0.0000","0.5545","3.3218","0.6873","0.7327","0.2218","0.0000","4.9636","1.9764","17.3782","0.1137"
"#giardia","29","2.4828","0.8276","0.4828","0.3448","0.0000","4.1379","4.0345","1.0000","0.6897","0.4828","0.0000","6.2069","14.6207","24.2069","0.6040"
"#BPD","14335","0.2291","0.1143","0.1265","0.0959","0.0000","0.5658","4.3539","0.9210","0.3539","0.3060","0.0000","5.9347","1.7872","22.8914","0.0781"
"unknown-#KnowFH","1598","0.1327","0.2040","0.1696","0.1264","0.0013","0.6339","3.1039","3.5882","0.7165","0.7641","0.0038","8.1765","2.1252","20.8436","0.1020"
"#Parkinsons","12690","0.2615","0.2007","0.2431","0.1558","0.0017","0.8626","3.8458","1.4557","0.8012","0.4522","0.0105","6.5653","1.9847","21.2322","0.0935"
"#SleepDisorder","365","1.3233","0.2247","0.3452","0.4685","0.0000","2.3616","6.3233","0.6466","0.8438","0.5973","0.0000","8.4110","5.6877","22.0411","0.2580"
"#varicella","210","0.4476","0.4571","0.1238","0.0905","0.0000","1.1190","4.7762","2.1048","0.9095","0.6476","0.0000","8.4381","2.7429","17.0381","0.1610"
"#BacterialVaginosis","255","0.3294","0.0314","0.0471","0.0314","0.0000","0.4392","1.5804","0.0431","0.2078","0.0314","0.0000","1.8627","2.2863","15.8667","0.1441"
"#Alopecia","6227","0.6812","0.1392","0.3653","0.3865","0.0005","1.5727","5.0869","0.5436","0.8378","0.5303","0.0039","7.0024","3.2891","21.9886","0.1496"
"#AFib","6080","0.1470","0.1535","0.1451","0.1109","0.0007","0.5571","2.8785","1.7709","0.5531","0.4507","0.0025","5.6556","1.8275","20.7567","0.0880"
"#Cardiomyopathy","606","0.5363","0.2987","0.2178","0.1601","0.0000","1.2129","3.7145","2.1535","0.8944","0.7855","0.0000","7.5479","3.6007","19.7261","0.1825"
"#Ataxia","516","0.6919","0.4554","0.2016","0.2907","0.0000","1.6395","5.5717","2.3837","0.6512","0.7074","0.0000","9.3140","4.4806","21.2054","0.2113"
"#MyastheniaGravis","129","0.8760","0.3178","0.2868","0.2403","0.0000","1.7209","3.7054","0.8992","0.6434","0.4341","0.0000","5.6822","6.5039","20.1240","0.3232"
"unknown-#Endmalaria","35638","0.1299","0.1358","0.1432","0.1142","0.0004","0.5235","3.3277","1.6592","0.7481","0.7025","0.0023","6.4398","1.1592","21.7237","0.0534"
"#CyclicVomitingSyndrome","18","2.0556","0.5556","0.2778","0.2778","0.0000","3.1667","4.6667","0.6111","0.3889","0.3889","0.0000","6.0556","14.1667","23.9444","0.5916"
"#NeuroendocrineTumors","46","0.6087","0.8478","0.4130","0.1739","0.0000","2.0435","3.3261","2.0652","1.3696","0.5435","0.0000","7.3043","7.0435","20.0217","0.3518"
"#Epilepsy","16665","0.2515","0.1930","0.2174","0.1384","0.0011","0.8013","3.8464","1.4911","0.7981","0.5459","0.0086","6.6902","1.8430","21.6251","0.0852"
"#FattyLiver","2089","0.2954","0.1551","0.1628","0.1125","0.0043","0.7295","5.0019","1.3006","0.8033","0.6194","0.0278","7.7530","2.2283","19.9440","0.1117"
"#Hypochondria","32","2.0625","0.5313","0.3750","0.2188","0.0000","3.1875","3.9375","0.8125","0.5000","0.2813","0.0000","5.5313","13.4375","23.8438","0.5636"
"#SpinalCordInjury","1806","0.5764","0.3893","0.3195","0.2065","0.0006","1.4922","4.0842","1.7647","0.6805","0.5709","0.0017","7.1019","3.7270","21.3959","0.1742"
"#skintag","58","1.2069","0.3103","0.3621","0.2759","0.0000","2.1552","4.4483","0.4138","0.7586","0.3621","0.0000","5.9828","8.0862","20.3448","0.3975"
"#Cholera","6153","0.1533","0.1471","0.1084","0.0769","0.0000","0.4856","3.4960","2.1559","0.6688","0.8084","0.0000","7.1290","1.3499","21.9108","0.0616"
"#pancreatitis","619","0.6834","0.2649","0.2779","0.1357","0.0081","1.3683","3.6204","1.2488","0.9257","0.3667","0.0194","6.1809","4.0436","20.4847","0.1974"
"#HeartFailure","5324","0.2883","0.2320","0.1985","0.1493","0.0006","0.8687","3.5969","2.1670","0.8223","0.6747","0.0015","7.2624","2.0646","19.8512","0.1040"
"#HoFH","92","0.5000","0.9457","0.6413","0.2826","0.0326","2.3913","3.7174","2.2609","0.9130","0.6848","0.0652","7.6413","5.8804","20.8478","0.2821"
"#eosinophilicesophagitis","46","1.3261","0.1957","0.3478","0.0435","0.0000","1.9130","4.4348","0.7391","1.2609","0.0435","0.0000","6.4783","7.5870","21.3043","0.3561"
"#Huntingtonsdisease","3309","0.2170","0.1853","0.2173","0.2016","0.0024","0.8232","3.7770","1.6401","0.8302","0.6135","0.0160","6.8767","2.0629","20.1747","0.1022"
"#Mesothelioma","7900","0.1296","0.1268","0.3262","0.1649","0.0005","0.7481","7.8759","1.2967","0.8596","0.3795","0.0025","10.4143","1.6133","22.5151","0.0717"
"#Autism","122819","0.1668","0.1746","0.1985","0.1297","0.0003","0.6698","3.7427","1.6526","0.7694","0.5114","0.0011","6.6771","1.2219","21.1828","0.0577"
"#TNBC","530","0.4151","0.2868","0.2189","0.1453","0.0038","1.0698","3.3415","1.5434","0.8755","0.4755","0.0038","6.2396","3.9226","20.2396","0.1938"
"#Hernia","1512","0.7189","0.1911","0.1991","0.1548","0.0007","1.2646","7.7381","1.8955","0.6521","0.5979","0.0026","10.8862","2.8638","20.5694","0.1392"
"#chickenpox","895","0.5587","0.2939","0.1732","0.2067","0.0000","1.2324","3.4123","1.6983","0.7318","0.5140","0.0000","6.3564","3.2782","19.6469","0.1669"
"#Asthma","23506","0.2579","0.1659","0.2134","0.1621","0.0002","0.7995","3.5183","1.2521","0.7918","0.6041","0.0005","6.1666","1.6389","21.4877","0.0763"
"#SickleCell","4842","0.2301","0.1927","0.1504","0.1359","0.0023","0.7111","3.4855","2.0702","0.6462","0.6532","0.0223","6.8775","1.8932","21.2555","0.0891"
"#CharcotMarieTooth","79","1.2658","0.4304","0.3671","0.2152","0.0000","2.2785","3.8608","1.6835","0.8987","0.3797","0.0000","6.8228","7.7468","21.7595","0.3560"
"#nonhodgkinslymphoma","343","0.1633","0.1312","0.2274","0.0087","0.0000","0.5306","1.2245","1.0845","1.0029","0.0087","0.0000","3.3207","1.5627","15.6822","0.0996"
"#PolycysticOvarianSyndrome","100","1.0500","0.1600","0.3200","0.2300","0.0000","1.7600","4.3000","0.7000","0.8600","0.5100","0.0000","6.3700","6.0300","19.7700","0.3050"
"#ChronicMigraine","691","0.4327","0.1766","0.2055","0.2142","0.0000","1.0289","4.7467","0.9305","0.9190","0.5355","0.0000","7.1317","3.8104","21.5977","0.1764"
"#Rhabdomyosarcoma","425","0.2306","0.1435","0.0612","0.0941","0.0024","0.5318","6.4235","1.8259","0.4376","0.9412","0.0188","9.6471","1.8847","17.7271","0.1063"
"#Adhesions","51","2.4510","1.2745","0.3922","0.4314","0.0000","4.5490","8.1569","3.5098","0.7451","0.5490","0.0000","12.9608","11.1176","24.0980","0.4614"
"#YellowFever","2358","0.3897","0.2299","0.1883","0.1162","0.0004","0.9245","3.6472","1.3494","0.7820","0.6298","0.0008","6.4092","2.7528","19.5861","0.1405"
"unknown-#MenHaveBreastsToo","744","0.1546","0.2083","0.2056","0.1344","0.0000","0.7030","2.4274","1.4583","0.9745","0.6640","0.0000","5.5242","2.3024","18.6761","0.1233"
"#Enterovirus68","0","0","0","0","0","0","0","0","0","0","0","0","0","0","0","0"
"#KidneyDisease","6501","0.2430","0.1930","0.1381","0.0997","0.0011","0.6750","3.3064","1.3847","0.9342","0.5305","0.0025","6.1583","1.5615","18.0172","0.0867"
"#GvHD","229","0.4672","0.3100","0.2314","0.1441","0.0131","1.1659","3.9607","1.6157","0.8777","0.3712","0.1135","6.9389","4.4672","21.6943","0.2059"
"#Colitis","6455","0.2380","0.1140","0.2079","0.1160","0.0000","0.6759","5.5171","1.2531","0.8558","0.6378","0.0000","8.2638","1.7194","21.7893","0.0789"
"#BleedingDisorder","329","0.5319","0.3100","0.3374","0.2675","0.0000","1.4468","4.1945","1.2918","0.6748","0.6565","0.0000","6.8176","5.3830","22.0881","0.2437"
"#HearingLoss","6950","0.3476","0.1823","0.3125","0.2268","0.0004","1.0696","4.3895","1.1942","0.8322","0.6029","0.0026","7.0214","2.4642","21.1668","0.1164"
"#Polymyalgia","24","0.8333","0.7917","0.2083","0.0000","0.0000","1.8333","14.5417","1.0000","1.0000","0.0000","0.0000","16.5417","5.2083","13.7083","0.3799"
"#AnxietyDisorder","1771","0.7719","0.2095","0.2688","0.2388","0.0000","1.4890","7.6008","0.7126","0.4856","0.5466","0.0000","9.3456","4.0141","21.9718","0.1827"
"#DVT","1291","0.4353","0.2393","0.1782","0.1921","0.0000","1.0449","4.9566","2.7645","0.5949","0.7413","0.0000","9.0573","2.9876","22.0372","0.1356"
"#hidradenitissuppurativa","947","0.4351","0.1795","0.3844","0.1711","0.0000","1.1700","2.2598","0.9662","0.7455","0.3083","0.0000","4.2798","5.2693","20.7360","0.2541"
"#preventaccreta","169","0.1479","0.2485","0.1716","0.0888","0.0000","0.6568","3.6923","2.2012","1.6095","0.6036","0.0000","8.1065","2.8935","19.5325","0.1481"
"#IntestinalFailure","148","0.2365","0.4324","0.1757","0.1014","0.0000","0.9459","3.7027","5.3108","0.8176","0.4595","0.0000","10.2905","3.5811","17.7568","0.2017"
"#MCAM","1081","0.4496","0.3302","0.2618","0.2636","0.0000","1.3053","3.9584","0.9944","0.7798","0.6772","0.0000","6.4098","3.3885","21.4783","0.1578"
"unknown-#BetterLCLives","13219","0.1736","0.1656","0.1969","0.1240","0.0016","0.6613","3.3021","1.7168","0.8554","0.5429","0.0115","6.4289","1.4953","19.7842","0.0756"
"#RiftValleyFever","42","0.5000","0.2857","0.3333","0.1905","0.0000","1.3095","2.2619","0.8095","0.7143","0.5476","0.0000","4.3333","7.9286","22.0952","0.3588"
"#HeatStroke","1044","0.6216","0.2308","0.1762","0.2126","0.0000","1.2414","3.6216","0.7979","0.5785","0.6897","0.0000","5.6877","3.7826","21.4626","0.1762"
"#wombcancer","719","0.1752","0.0848","0.1307","0.1196","0.0000","0.5104","3.4520","1.1975","0.5382","0.5549","0.0000","5.7427","1.9471","24.0501","0.0810"
"#AnorexiaNervosa","158","0.6899","0.2658","0.3671","0.1266","0.0000","1.4494","2.8671","0.9304","0.6013","0.4367","0.0000","4.8354","6.0380","19.5190","0.3093"
"#TrigeminalNeuralgia","527","0.7249","0.1879","0.2334","0.2372","0.0000","1.3833","4.1518","1.3472","0.6148","0.5560","0.0000","6.6698","4.8197","22.4364","0.2148"
"#ThroatCancer","172","0.3953","0.1686","0.1744","0.0872","0.0000","0.8256","9.5000","0.9244","1.0814","0.2733","0.0000","11.7791","3.9651","26.1628","0.1516"
"#dupuytrens","10","1.9000","0.5000","0.5000","0.2000","0.0000","3.1000","3.2000","0.9000","0.5000","0.2000","0.0000","4.8000","11.9000","20.5000","0.5805"
"#ADHD","21916","0.3211","0.2211","0.2743","0.1782","0.0006","0.9954","4.2515","1.6671","0.8159","0.4346","0.0035","7.1725","2.1060","21.0025","0.1003"
"#praderwilli","89","0.5169","0.1685","0.5056","0.2472","0.0000","1.4382","1.9438","0.9101","1.0000","0.4607","0.0000","4.3146","7.2022","21.7978","0.3304"
"#Rheum","4970","0.3877","0.1893","0.2811","0.1728","0.0008","1.0318","3.8414","1.1988","0.7553","0.4565","0.0040","6.2561","2.7726","20.7930","0.1333"
"#Pneumonia","1892","0.5211","0.2590","0.1913","0.1263","0.0000","1.0978","4.9186","1.6887","0.8044","0.6490","0.0000","8.0608","2.9641","20.6987","0.1432"
"#porphyria","108","0.8426","0.2130","0.8056","0.7037","0.0000","2.5648","3.2222","1.8611","1.0278","0.7685","0.0000","6.8796","4.9815","13.1667","0.3783"
"#ADPKD","541","0.1793","0.2384","0.2218","0.0647","0.0018","0.7061","2.4621","1.4713","1.0869","0.4196","0.0074","5.4473","2.9630","20.7911","0.1425"
"unknown-#CRCSM","4234","0.3297","0.2452","0.2213","0.1634","0.0019","0.9615","3.4650","1.6228","0.8769","0.5616","0.0066","6.5331","2.3396","20.1001","0.1164"
"#BodyDysmorphicDisorder","54","1.0185","0.2407","0.3333","0.1296","0.0000","1.7222","4.2407","0.6296","0.6852","0.2407","0.0000","5.7963","9.0370","24.2222","0.3731"
"#BowelCancer","2049","0.3006","0.2826","0.2474","0.1801","0.0005","1.0112","3.0639","1.9819","0.8975","0.6335","0.0093","6.5861","2.8580","22.7008","0.1259"
"#KidneyStones","1136","0.4648","0.1567","0.2007","0.1452","0.0000","0.9674","2.3671","0.6408","0.5026","0.2755","0.0000","3.7861","2.9217","17.8512","0.1637"
"#STD","3790","1.2190","0.2396","0.4261","0.3483","0.0000","2.2330","6.4950","0.9987","0.8377","0.6905","0.0000","9.0219","3.9879","23.2633","0.1714"
"#Gestationaldiabetes","391","0.6240","0.2762","0.2941","0.1637","0.0000","1.3581","4.3274","1.0281","0.6650","0.4910","0.0000","6.5115","4.4680","21.1432","0.2113"
"unknown-#BCD2020","54541","0.1750","0.1689","0.1897","0.2027","0.0005","0.7367","3.6560","1.4573","0.8109","0.5494","0.0048","6.4784","1.3886","21.5722","0.0644"
"#KeratosisPilaris","273","0.3516","0.0183","0.0403","0.0366","0.0000","0.4469","2.0733","0.0293","0.3553","0.0440","0.0000","2.5018","1.8462","13.1612","0.1403"
"#LiFraumeni","165","0.1394","0.1636","0.1515","0.1939","0.0000","0.6485","2.8909","1.8727","0.4061","0.5091","0.0000","5.6788","4.9333","21.5152","0.2293"
"#Bedwetting","375","0.8720","0.1573","0.4933","0.2667","0.0000","1.7893","3.4907","0.6373","0.9413","0.4800","0.0000","5.5493","4.6773","20.5813","0.2273"
"#Autoimmune","6873","0.4350","0.1801","0.2335","0.2799","0.0003","1.1289","5.0646","0.9166","0.8925","0.5466","0.0010","7.4214","2.4967","20.6521","0.1209"
"#BladderCancer","14518","0.1087","0.1345","0.1833","0.1055","0.0008","0.5328","2.9362","2.1556","0.8091","0.5651","0.0043","6.4702","1.4382","20.1504","0.0714"
"#Bipolar","23252","0.2942","0.1430","0.1692","0.1445","0.0002","0.7511","5.8466","1.2040","0.5611","0.4663","0.0005","8.0784","1.7257","22.4349","0.0769"
"#Bursitis","58","1.9483","0.1552","0.5345","0.3621","0.0000","3.0000","4.6724","0.2069","0.7759","0.4655","0.0000","6.1207","9.4655","19.4483","0.4867"
"#KidneyCancer","2893","0.1943","0.3014","0.1721","0.1165","0.0014","0.7857","3.4141","2.5116","0.7764","0.6284","0.0014","7.3318","2.2395","22.5385","0.0994"
"#Hypoglycemia","673","0.5914","0.2957","0.2526","0.1679","0.0030","1.3105","4.1278","2.6196","0.7935","0.6270","0.0089","8.1768","4.1441","20.8841","0.1984"
"#PulmonaryEmbolism","716","0.2025","0.1816","0.1089","0.0754","0.0000","0.5684","3.4022","1.5237","0.3966","0.8087","0.0000","6.1313","1.8534","18.2793","0.1014"
"#Sciatica","2016","0.5218","0.1012","0.3130","0.3046","0.0000","1.2406","4.6022","0.3705","0.8953","0.4613","0.0000","6.3294","2.9370","19.5238","0.1504"
"#Synesthesia","452","0.9867","0.4159","0.3451","0.2412","0.0000","1.9889","4.2456","0.9358","0.7699","0.4469","0.0000","6.3982","5.9292","21.4336","0.2766"
"#Sepsis","28480","0.0929","0.1649","0.1030","0.0863","0.0000","0.4471","2.8818","2.1024","0.7050","0.7352","0.0000","6.4244","0.9883","21.7174","0.0455"
"#MdrTB","148","0.3514","0.2838","0.1892","0.1081","0.0000","0.9324","3.8041","1.2432","0.9324","0.4459","0.0000","6.4257","3.8446","23.0270","0.1670"
"unknown-#MMSM","3584","0.1875","0.1975","0.2902","0.1484","0.0017","0.8251","2.5600","1.8993","0.8803","0.4657","0.0095","5.8147","2.4450","20.3167","0.1203"
"#ClusterHeadaches","529","0.6163","0.3403","0.2949","0.1588","0.0000","1.4102","3.7467","1.4272","0.7259","0.3800","0.0000","6.2798","5.6144","23.9811","0.2341"
"#Andropause","82","1.4390","0.0976","0.3780","0.3293","0.0122","2.2561","6.0244","0.3293","0.8049","0.3415","0.0244","7.5244","7.5854","23.7805","0.3190"
"#Neuropathy","1077","0.7567","0.3473","0.2795","0.1736","0.0000","1.5571","5.7252","1.5292","0.6917","0.3380","0.0000","8.2841","3.8301","19.1365","0.2001"
"#devlangdis","1609","0.1423","0.2001","0.1610","0.0559","0.0000","0.5594","2.3860","2.4326","0.8055","0.3070","0.0000","5.9310","2.1840","20.8421","0.1048"
"#Paget","39","2.1538","0.3077","0.6154","0.2821","0.0000","3.3590","4.0256","0.6154","0.7436","0.4615","0.0000","5.8462","9.3077","18.6667","0.4986"
"#Arthritis","12727","0.4232","0.1711","0.2869","0.2543","0.0024","1.1380","4.9313","0.9289","0.8304","0.5966","0.0182","7.3055","2.2970","20.8630","0.1101"
"unknown-#CryoGroup","10","0.8000","0.1000","0.5000","0.1000","0.0000","1.5000","2.6000","0.4000","0.5000","0.5000","0.0000","4.0000","4.9000","15.9000","0.3082"
"#EColi","3582","0.4280","0.2831","0.3506","0.1360","0.0008","1.1985","3.6156","1.0999","0.9344","0.3624","0.0034","6.0156","2.8582","19.9757","0.1431"
"#thyca","50","0.7400","0.4200","0.3600","0.3800","0.0000","1.9000","2.3800","0.8800","0.9000","0.5400","0.0000","4.7000","9.9800","22.6800","0.4400"
"#GaucherDisease","11","1.2727","0.2727","0.5455","0.3636","0.0000","2.4545","4.2727","0.6364","1.0000","0.5455","0.0000","6.4545","10.2727","25.9091","0.3965"
"#Sarcopenia","592","0.4392","0.2821","0.3074","0.1976","0.0000","1.2264","4.5811","1.7027","1.1098","0.5693","0.0000","7.9628","3.9628","22.1926","0.1786"
"#LiverDisease","1117","0.6025","0.2820","0.2525","0.2050","0.0018","1.3438","6.1495","1.3250","0.7914","0.6374","0.0054","8.9087","3.5685","21.2355","0.1680"
"#Cerebral","202","2.3663","0.3069","0.3812","0.2030","0.0000","3.2574","5.9703","0.6683","0.8069","0.4901","0.0000","7.9356","7.9257","20.3861","0.3888"
"#SkinCancer","9269","0.2694","0.1481","0.2361","0.1814","0.0000","0.8349","3.7659","0.9088","0.8698","0.5849","0.0000","6.1294","1.8671","20.9196","0.0893"
"#colic","411","1.0438","0.2336","0.3406","0.3358","0.0000","1.9538","5.0876","0.6107","0.7859","0.5085","0.0000","6.9927","5.1946","19.6861","0.2639"
"#EpidermolysisBullosa","460","0.2826","0.1826","0.2370","0.1978","0.0022","0.9000","2.5217","1.2326","0.8587","0.6304","0.0022","5.2457","3.8630","23.3674","0.1653"
"#Amyloidosis","401","0.4264","0.4239","0.3042","0.1247","0.0274","1.3067","2.9302","1.9676","0.8180","0.3466","0.0723","6.1347","4.8703","22.5885","0.2156"
"#Lymphoedema","2957","0.2763","0.1887","0.2087","0.1786","0.0024","0.8546","2.7788","1.3027","0.7778","0.4609","0.0338","5.3541","2.6033","20.3666","0.1278"
"#Dialysis","3745","0.3690","0.1629","0.2860","0.1495","0.0013","0.9685","3.8943","1.2996","0.7858","0.4611","0.0013","6.4422","2.6101","21.1952","0.1231"
"#peripheralarterydisease","311","0.4084","0.2283","0.2283","0.2444","0.0000","1.1093","3.1222","1.3891","0.8103","0.6817","0.0000","6.0032","3.8746","19.4309","0.1994"
"#HunterSyndrome","137","0.3431","0.3358","0.3358","0.1460","0.0365","1.1971","2.4964","1.1898","1.1095","0.5985","0.0949","5.4891","5.5182","23.5328","0.2345"
"#Hives","343","1.4577","0.2099","0.2449","0.2420","0.0000","2.1545","4.4869","0.9300","0.5364","0.3644","0.0000","6.3178","5.1574","19.4898","0.2646"
"#Viruszika","5762","0.3166","0.2713","0.2678","0.1550","0.0014","1.0118","3.9825","1.4070","0.9858","0.5607","0.0047","6.9406","2.3374","20.6928","0.1130"
"#Rhinitis","205","0.8780","0.1805","0.2634","0.1561","0.0000","1.4780","4.9463","1.0341","0.9171","0.5317","0.0000","7.4293","4.3610","19.5171","0.2234"
"#Eczema","7519","0.3345","0.1575","0.2116","0.2083","0.0000","0.9118","4.9932","1.1809","0.7276","0.6146","0.0000","7.5163","2.0596","21.7218","0.0948"
"#NeuroendocrineCancer","605","0.2033","0.1769","0.1835","0.1256","0.0000","0.6893","2.6694","1.4860","0.9388","0.7587","0.0000","5.8529","2.2661","15.2893","0.1482"
"#IBS","5602","0.4518","0.2042","0.2631","0.1833","0.0009","1.1032","4.4020","1.2031","0.7640","0.4581","0.0030","6.8302","2.7610","21.7415","0.1270"
"#glaucoma","3045","0.4082","0.2125","0.2588","0.1741","0.0062","1.0598","3.4982","1.1915","0.8647","0.4887","0.0417","6.0847","2.6542","19.2598","0.1378"
"#MRSA","1004","0.6823","0.2092","0.2530","0.1325","0.0040","1.2789","3.6355","1.0867","0.7520","0.3227","0.0090","5.8058","3.1624","19.9711","0.1583"
"#StevensJohnsonSyndrome","14","1.6429","0.4286","0.4286","0.3571","0.0000","2.8571","4.4286","1.0714","0.5714","0.5000","0.0000","6.5714","11.6429","24.4286","0.4766"
"#FMD","21023","0.2894","0.2100","0.2069","0.1512","0.0001","0.8576","5.4291","1.2422","0.6705","0.4317","0.0045","7.7780","1.8909","21.8865","0.0864"
"#Dengue","4694","0.2744","0.1726","0.2252","0.1069","0.0019","0.7810","4.1956","1.1943","0.8941","0.6125","0.0156","6.9120","1.8630","20.3023","0.0918"
"#Cachexia","144","0.2153","0.0694","0.0764","0.1597","0.0000","0.5208","1.7292","0.8194","1.0000","0.8611","0.0000","4.4097","2.2153","23.9931","0.0923"
"#HeartDisease","8363","0.4245","0.2576","0.2968","0.2054","0.0007","1.1850","5.1171","1.4354","0.8418","0.6175","0.0083","8.0200","2.4722","21.7387","0.1137"
"#AIDS","69906","0.2050","0.1494","0.2186","0.1646","0.0004","0.7379","3.8983","1.6595","0.8735","0.6199","0.0037","7.0549","1.3467","21.8879","0.0615"
"unknown-#GenCSM","407","0.3342","0.2334","0.1941","0.0172","0.0000","0.7789","6.1400","2.2801","1.1229","0.0737","0.0000","9.6167","3.0467","21.2776","0.1432"
"#Schizofrenie","5830","0.4642","0.2063","0.2369","0.1370","0.0005","1.0449","7.2873","1.0914","0.6449","0.4873","0.0012","9.5122","2.5708","20.2014","0.1273"
"#IBD","15783","0.2316","0.1659","0.2545","0.1384","0.0027","0.7931","4.4780","1.5381","0.8092","0.5484","0.0068","7.3806","1.9615","22.5096","0.0871"
"#HPV","12844","0.1843","0.1654","0.1640","0.0956","0.0012","0.6103","3.6731","2.2412","0.9315","0.4879","0.0014","7.3350","1.4878","20.8658","0.0713"
"#VascularDisease","220","0.2409","0.1727","0.0909","0.0409","0.0000","0.5455","1.8818","1.3545","0.2500","0.5818","0.0000","4.0682","2.0182","20.2364","0.0997"
"#Flu","10581","0.4210","0.2082","0.2748","0.1794","0.0016","1.0847","4.1983","1.2420","0.9480","0.5768","0.0077","6.9728","2.3063","20.8998","0.1104"
"#BRCA","3228","0.2416","0.1921","0.2376","0.1081","0.0003","0.7797","4.3721","1.6698","1.0362","0.4095","0.0003","7.4879","2.2330","21.1512","0.1056"
"#hayfever","5917","0.3580","0.1533","0.1641","0.2180","0.0000","0.8934","4.7999","0.8440","0.4915","0.6953","0.0000","6.8307","2.2631","19.9692","0.1133"
"#PediatricStroke","387","0.5013","0.3049","0.2972","0.2016","0.0000","1.3049","3.4470","1.0672","0.7390","0.4574","0.0000","5.7106","5.0517","24.1628","0.2091"
"#SleepApnea","3031","0.5530","0.1785","0.2992","0.3240","0.0003","1.3550","5.6559","0.8951","0.8637","0.5417","0.0007","7.9571","3.0043","21.3982","0.1404"
"#Tinnitus","3204","0.3252","0.3152","0.1801","0.1689","0.0000","0.9894","3.5765","0.9217","0.8496","0.5009","0.0000","5.8486","2.4856","22.7169","0.1094"
"unknown-#hncsm","430","0.1674","0.2140","0.1860","0.1651","0.0000","0.7326","2.9977","1.3302","0.6535","0.7326","0.0000","5.7140","3.4698","19.8070","0.1752"
"#A2ZCOPD","7791","0.3000","0.2426","0.2163","0.1404","0.0022","0.9013","4.2573","1.4572","1.0155","0.5379","0.0131","7.2811","2.0141","19.7234","0.1021"
"#Osteosarcoma","300","0.6800","0.2600","0.2933","0.1867","0.0000","1.4200","3.9333","1.1800","0.9033","0.4800","0.0000","6.4967","5.2700","21.7400","0.2424"
"#CervicalCancer","9934","0.1775","0.1537","0.1604","0.0852","0.0009","0.5776","2.9111","1.9158","0.6293","0.4472","0.0013","5.9047","1.6660","21.8407","0.0763"
"#Angina","158","1.0633","0.4810","0.3671","0.1962","0.0000","2.1076","6.9114","1.3101","0.9557","0.5063","0.0000","9.6835","5.7911","22.6013","0.2562"
"#Spondylitis","560","0.3625","0.2143","0.2625","0.1768","0.0000","1.0161","4.5304","0.9554","0.7000","0.6589","0.0000","6.8446","3.7393","19.8839","0.1881"
"#AcuteCoronarySyndrome","45","0.5333","0.2889","0.2667","0.0667","0.0000","1.1556","3.0444","1.3111","0.8222","0.2889","0.0000","5.4667","4.3778","16.4889","0.2655"
"#sjogrens","327","1.0917","0.2661","0.2049","0.1407","0.0000","1.7034","8.9205","1.1865","0.5107","0.4404","0.0000","11.0581","5.6147","23.2324","0.2417"
"#HighCholesterol","383","0.8068","0.1671","0.2402","0.2010","0.0026","1.4178","5.1018","0.7363","0.6945","0.7023","0.0026","7.2376","3.9060","19.2559","0.2028"
"#CHD","3618","0.4306","0.2355","0.2070","0.1498","0.0019","1.0246","3.7847","1.6142","0.6871","0.6241","0.0055","6.7156","2.7839","22.0923","0.1260"
"#Restenosis","5","2.2000","0.8000","0.2000","0.2000","0.0000","3.4000","6.2000","1.6000","0.6000","0.6000","0.0000","9.0000","6.6000","16.0000","0.4125"
"#Scoliosis","1978","0.5116","0.2017","0.2194","0.2058","0.0000","1.1385","4.1183","1.5642","0.6092","0.6800","0.0000","6.9717","3.1471","21.1188","0.1490"
"unknown-#esocsm","47","0.3191","0.2128","0.3191","0.2766","0.0000","1.1277","2.8085","1.1489","1.0213","0.6596","0.0000","5.6383","5.3617","20.1915","0.2655"
"#CHF","1588","0.4679","0.1612","0.2173","0.2846","0.0088","1.1322","6.5321","0.8199","0.7985","0.5359","0.0598","8.7462","3.8948","20.1436","0.1934"
"#Fibroid","2408","0.4639","0.1811","0.2483","0.1458","0.0000","1.0390","4.0818","1.4091","0.7404","0.3754","0.0000","6.6067","2.6831","19.8783","0.1350"
"#LynchSyndrome","652","0.3206","0.2040","0.1917","0.1488","0.0000","0.8650","3.1227","1.1503","0.8252","0.6120","0.0000","5.7101","2.8942","19.2853","0.1501"
"#LQTS","113","0.9469","0.2920","0.2655","0.1150","0.0000","1.6195","4.3097","1.3451","1.0442","0.5752","0.0000","7.2743","4.4779","19.5044","0.2296"
"#Meningitis","2464","0.3994","0.2313","0.2025","0.1830","0.0004","1.0166","4.1055","1.8352","0.8048","0.6936","0.0004","7.4395","2.5398","22.0686","0.1151"
"#Diabesity","90362","0.1924","0.1723","0.2402","0.1674","0.0003","0.7726","3.9916","1.5189","0.8704","0.5221","0.0028","6.9058","1.4052","21.3808","0.0657"
"#Moyamoya","319","0.3636","0.1724","0.0909","0.0690","0.0000","0.6959","2.6364","1.2194","1.1442","0.2476","0.0000","5.2476","2.8182","22.1881","0.1270"
"#Bulimia","1756","0.4949","0.1446","0.2267","0.1646","0.0000","1.0308","5.3571","0.8593","0.6429","0.3639","0.0000","7.2232","2.9618","21.2369","0.1395"
"unknown-#GPFAD2013","0","0","0","0","0","0","0","0","0","0","0","0","0","0","0","0"
"#myocarditis","105","0.3619","0.3333","0.1619","0.1143","0.0000","0.9714","3.9143","1.4762","1.1238","0.8667","0.0000","7.3810","3.3143","18.4286","0.1798"
"#Hypothyroidism","1471","0.4636","0.0938","0.1890","0.1428","0.0000","0.8892","3.6744","0.5629","0.5738","0.3426","0.0000","5.1536","2.7458","20.0530","0.1369"
"#Alzheimer","55283","0.1824","0.1864","0.1967","0.1482","0.0011","0.7147","3.7904","1.9888","0.7319","0.6002","0.0137","7.1250","1.3793","20.9164","0.0659"
"#Cholesteatoma","18","1.8889","0.2778","0.3333","0.3889","0.0000","2.8889","7.8333","0.5556","0.6111","0.5556","0.0000","9.5556","10.5000","20.8889","0.5027"
"#Lipoedema","288","0.5972","0.3611","0.2847","0.1979","0.0000","1.4410","2.8368","1.6389","0.5903","0.4306","0.0000","5.4965","6.3160","22.9479","0.2752"
"#AorticDissection","91","0.6923","0.5055","0.2857","0.1978","0.0000","1.6813","2.9121","1.8022","0.6154","0.5714","0.0000","5.9011","6.3187","20.5604","0.3073"
"#Listeriosis","4158","0.1080","0.1335","0.0664","0.0767","0.0000","0.3846","2.4971","1.6585","0.4192","0.7172","0.0000","5.2920","1.2679","15.9187","0.0796"
"#ThyroidCancer","787","0.5515","0.3024","0.2757","0.1970","0.0051","1.3304","3.7548","1.4612","0.8895","0.5476","0.0051","6.6582","3.9034","20.1309","0.1939"
"#MuscularDystrophy","1472","0.4327","0.2615","0.2310","0.1698","0.0014","1.0965","5.3764","2.0401","0.8247","0.5122","0.0020","8.7554","3.1202","20.8125","0.1499"
"#Polio","5292","0.2205","0.2043","0.1385","0.1066","0.0000","0.6699","3.8192","1.9994","0.6597","0.7659","0.0000","7.2441","1.7398","21.5357","0.0808"
"#Mastocytosis","32","1.8750","0.5625","0.2500","0.1875","0.0000","2.8750","5.3438","0.9375","0.7188","0.5625","0.0000","7.5625","9.6875","23.6250","0.4101"
"#HemiplegicMigraine","40","0.6000","0.3250","0.2750","0.1750","0.0000","1.3750","5.1000","1.1500","0.8500","0.6250","0.0000","7.7250","5.7250","20.1250","0.2845"
"#impotence","768","1.1549","0.1042","0.3099","0.2474","0.0000","1.8164","5.7904","0.7266","0.9154","0.7747","0.0000","8.2070","3.5560","19.5495","0.1819"
"#EmanuelSyndrome","0","0","0","0","0","0","0","0","0","0","0","0","0","0","0","0"
"unknown-#PNDChat","3631","0.4065","0.2063","0.2479","0.1955","0.0003","1.0565","5.2300","1.2605","0.8463","0.4922","0.0006","7.8295","2.6329","22.3633","0.1177"
"#curesma","89","0.6742","0.3596","0.3820","0.2584","0.0000","1.6742","3.8876","1.0000","0.6067","0.4831","0.0000","5.9775","7.8090","22.4270","0.3482"
"#Migraine","14022","0.2757","0.1357","0.1949","0.1789","0.0011","0.7863","4.0909","1.1808","0.7857","0.5227","0.0088","6.5889","1.8925","20.8336","0.0908"
"#aHUS","191","0.6387","0.3089","0.2408","0.1623","0.0052","1.3560","4.5288","1.3298","0.7016","0.5759","0.0052","7.1414","5.1257","22.7120","0.2257"
"#RettSyndrome","321","0.5389","0.3458","0.3427","0.2274","0.0062","1.4611","2.7383","1.4299","0.9252","0.6667","0.0125","5.7726","5.2555","21.8380","0.2407"
"#BirdFlu","319","0.7461","0.2978","0.2445","0.1881","0.0000","1.4765","4.1912","1.0157","0.6803","0.5799","0.0000","6.4671","4.2194","19.8777","0.2123"
"#analcancer","98","0.7959","0.4388","0.2755","0.1837","0.0000","1.6939","3.8367","1.9082","1.1531","0.6633","0.0000","7.5612","6.3163","21.1939","0.2980"
"#Psoriasis","5646","0.3826","0.1647","0.2363","0.2846","0.0028","1.0710","3.8510","0.7784","0.7568","0.6134","0.0094","6.0090","2.5115","20.3507","0.1234"
"#Gallbladder","346","0.9884","0.3844","0.1965","0.1734","0.0000","1.7428","7.0116","1.8497","0.4277","0.5665","0.0000","9.8555","4.4971","18.5058","0.2430"
"unknown-#mpnsm","460","0.2304","0.1783","0.2043","0.1739","0.0000","0.7870","2.4478","1.9522","0.7935","0.6543","0.0000","5.8478","3.5587","20.5130","0.1735"
"#Dysautonomia","849","0.6620","0.3628","0.2403","0.2097","0.0012","1.4759","4.8115","1.3345","0.5253","0.4429","0.0012","7.1154","5.1673","23.3133","0.2216"
"#RenalFailure","94","1.3404","0.2021","0.2128","0.3830","0.0000","2.1383","5.7872","1.0426","0.4362","0.7553","0.0000","8.0213","7.9255","22.7234","0.3488"
"#pseudobulbar","0","0","0","0","0","0","0","0","0","0","0","0","0","0","0","0"
"#merkelcellcarcinoma","23","0.6522","0.8261","0.3913","0.2609","0.0000","2.1304","2.3913","1.3478","0.7391","0.5217","0.0000","5.0000","7.1739","20.3478","0.3526"
"#Anaphylaxis","2103","0.3676","0.2287","0.2397","0.1427","0.0000","0.9786","4.6148","1.4603","0.8364","0.5706","0.0000","7.4822","2.8835","21.2168","0.1359"
"#MultipleEndocrineNeoplasia","0","0","0","0","0","0","0","0","0","0","0","0","0","0","0","0"
"#SARS","3987","0.2405","0.2117","0.1139","0.0484","0.0008","0.6145","3.4645","2.2496","0.5330","0.2940","0.0008","6.5418","2.2300","21.7948","0.1023"
"#hypertrophiccardiomyopathy","28","1.2857","0.8571","0.3929","0.2857","0.0000","2.8214","5.3571","2.2857","0.9643","0.7143","0.0000","9.3214","7.7500","19.0357","0.4071"
"#Incontinence","1819","0.7719","0.1990","0.3936","0.3238","0.0000","1.6883","5.0203","0.9951","0.8774","0.5855","0.0000","7.4783","3.6751","21.3463","0.1722"
"#TennisElbow","651","0.4409","0.0753","0.1475","0.1720","0.0000","0.8356","2.4869","0.1598","0.5530","0.2396","0.0000","3.4393","2.5561","16.4316","0.1556"
"#AllergicRhinitis","83","0.8795","0.2169","0.2771","0.2771","0.0000","1.6506","4.1807","0.6747","0.8313","0.7229","0.0000","6.4096","6.4337","20.3614","0.3160"
"#Menieres","87","0.6322","0.3103","0.2414","0.0575","0.0000","1.2414","3.1724","0.7241","0.5862","0.0920","0.0000","4.5747","8.4368","23.5747","0.3579"
"#Progeria","383","0.2219","0.2272","0.2324","0.0992","0.0052","0.7859","2.9608","2.1906","1.4125","0.5718","0.1514","7.2872","2.6815","20.0836","0.1335"
"#PCOS","6362","0.4010","0.2256","0.2562","0.1823","0.0000","1.0651","4.6224","1.5237","0.7784","0.5140","0.0000","7.4385","2.6581","22.8958","0.1161"
"#Halitosis","184","1.2065","0.2337","0.3859","0.2174","0.0000","2.0435","4.7772","0.6522","0.8261","0.4130","0.0000","6.6685","5.5761","20.4728","0.2724"
"#Trichotillomania","294","0.8537","0.2653","0.3299","0.2449","0.0000","1.6939","4.0068","0.7279","0.5816","0.4150","0.0000","5.7313","6.6327","22.8299","0.2905"
"#Osteoporosis","5440","0.3204","0.1599","0.2151","0.1822","0.0004","0.8779","3.6347","1.0404","0.8221","0.5689","0.0116","6.0778","2.0726","20.4537","0.1013"
"#irondeficiency","292","0.6370","0.1781","0.3630","0.3459","0.0000","1.5240","3.2877","0.8596","0.9486","0.8322","0.0000","5.9281","5.1610","21.4795","0.2403"
"#MyalgicE","33625","0.0642","0.0665","0.1222","0.0838","0.0000","0.3367","4.3190","1.8910","0.7743","0.4708","0.0001","7.4551","1.0148","23.1706","0.0438"
"#PainSomnia","657","0.4049","0.2192","0.1400","0.0776","0.0000","0.8417","3.8889","0.8935","0.6910","0.1339","0.0000","5.6073","3.9604","22.3059","0.1776"
"#BloodCancer","2118","0.3810","0.2729","0.2233","0.1780","0.0005","1.0557","4.5911","2.1025","0.7753","0.6449","0.0005","8.1143","2.6091","22.9400","0.1137"
"#Ebola","45109","0.0917","0.1034","0.1266","0.0456","0.0008","0.3681","2.3371","1.6120","0.9240","0.4376","0.0051","5.3157","0.8592","21.4214","0.0401"
"#EyeCancer","371","0.5660","0.1779","0.2399","0.0916","0.0000","1.0755","7.0836","1.4205","1.0970","0.2992","0.0000","9.9003","3.6173","21.8787","0.1653"
"#EatingDisorder","10904","0.3568","0.1717","0.2391","0.1532","0.0001","0.9209","4.1466","1.2384","0.6950","0.4367","0.0002","6.5168","2.1766","22.2219","0.0979"
"#meningococcal","222","0.3919","0.2027","0.2568","0.1622","0.0000","1.0135","3.3018","0.8964","0.9505","0.7883","0.0000","5.9369","3.7928","20.7703","0.1826"
"#KawasakiDisease","80","0.8750","0.5125","0.3000","0.2375","0.0000","1.9250","3.5125","1.7375","0.7250","0.5125","0.0000","6.4875","7.2750","21.5625","0.3374"
"#hydrocephalus","471","0.8365","0.3482","0.2930","0.1656","0.0021","1.6433","3.3482","1.4374","0.7686","0.4161","0.0085","5.9788","5.2378","23.4883","0.2230"
"#DownSyndrome","9496","0.2846","0.2238","0.1832","0.1331","0.0000","0.8248","3.1078","1.5961","0.7425","0.6077","0.0000","6.0542","1.9556","20.5952","0.0950"
"#enuresis","54","1.0370","0.2593","0.4444","0.2593","0.0000","2.0000","3.3889","1.2222","1.0556","0.2963","0.0000","5.9630","6.4074","20.4444","0.3134"
"#brucellosis","24","1.9167","0.5000","0.3750","0.4167","0.0000","3.2083","3.8750","1.0000","1.0833","0.9167","0.0000","6.8750","10.2083","24.8333","0.4111"
"#Myositis","555","0.3550","0.1441","0.2541","0.1784","0.0018","0.9333","3.6036","1.1459","0.8721","0.7261","0.0036","6.3514","3.5856","21.2613","0.1686"
"#Triglycerides","150","1.2933","0.6867","0.3000","0.2800","0.0200","2.5800","6.0800","1.4067","0.5667","0.7067","0.0333","8.7933","6.8600","23.7667","0.2886"
"#ringworm","200","1.7350","0.1400","0.3050","0.2300","0.0000","2.4100","7.1850","0.4600","0.6300","0.4000","0.0000","8.6750","5.7850","20.3650","0.2841"
"#neurofibromatosis","1207","0.2809","0.2353","0.2055","0.1690","0.0000","0.8906","2.6404","1.7357","0.7788","0.6852","0.0000","5.8401","2.8310","22.0597","0.1283"
"#CFLN","14789","0.1644","0.1627","0.1491","0.1054","0.0007","0.5823","2.9796","2.4860","0.6787","0.5894","0.0060","6.7398","1.4927","21.8460","0.0683"
"#hypospadias","45","1.2000","0.4667","0.3111","0.3556","0.0000","2.3333","3.7111","1.5111","0.6889","0.8222","0.0000","6.7333","7.6444","19.7778","0.3865"
"#Leukaemia","8510","0.2675","0.1946","0.1907","0.1644","0.0005","0.8176","3.7746","1.4525","0.8443","0.6024","0.0008","6.6746","1.9236","20.8284","0.0924"
"unknown-#stcsm","233","0.5966","0.2189","0.3777","0.2790","0.0000","1.4721","3.2446","0.8026","1.0386","0.5880","0.0000","5.6738","5.1288","19.5236","0.2627"
"#BloodClot","440","0.4955","0.1773","0.1818","0.1273","0.0000","0.9818","4.8432","1.3455","0.5795","0.4568","0.0000","7.2250","2.8955","20.3023","0.1426"
"#MultScler","11812","0.2724","0.1938","0.2444","0.1601","0.0008","0.8713","4.0765","1.1160","0.8319","0.4318","0.0065","6.4627","1.9924","20.0693","0.0993"
"#BMFSM","9","0.7778","0.5556","0.0000","0.4444","0.0000","1.7778","3.3333","1.5556","0.0000","1.0000","0.0000","5.8889","10.0000","23.7778","0.4206"
"#TransverseMyelitis","69","1.1594","1.4783","0.3478","0.1739","0.0000","3.1594","3.8406","4.2174","1.1014","0.6957","0.0000","9.8551","7.8841","21.1014","0.3736"
"#BrainAneurysm","216","0.7963","0.4213","0.2315","0.2639","0.0000","1.7130","4.5833","1.9167","0.6759","0.6991","0.0000","7.8750","5.6620","21.3565","0.2651"
"#Dermatomyositis","180","0.8556","0.4667","0.3833","0.1944","0.0056","1.9056","4.2222","2.3889","0.9278","0.5778","0.0944","8.2111","6.6833","23.4778","0.2847"
"#Haemophilia","1960","0.3964","0.2776","0.3066","0.1944","0.0046","1.1796","3.2367","1.5168","0.8673","0.4561","0.0760","6.1531","3.4612","21.4184","0.1616"
"#Angiosarcoma","58","0.7931","0.3621","0.3103","0.1724","0.0172","1.6552","2.9655","1.3793","0.9138","0.6034","0.0172","5.8793","6.3966","21.2586","0.3009"
"#uterinecancer","133","0.9173","0.3383","0.2481","0.3008","0.0000","1.8045","5.3759","1.0301","0.9925","0.5038","0.0000","7.9023","4.7143","19.6165","0.2403"
"#NCDs","10440","0.1491","0.1786","0.1428","0.0955","0.0000","0.5661","3.7247","2.3068","0.8871","0.6550","0.0000","7.5736","1.5029","22.4360","0.0670"
"#HighBloodPressure","11964","0.3044","0.1730","0.2035","0.1765","0.0002","0.8577","4.1830","1.4905","0.7606","0.5906","0.0003","7.0251","1.8010","20.1972","0.0892"
"#Diverticulitis","196","1.0408","0.1990","0.2449","0.2296","0.0051","1.7194","4.3520","0.9847","0.7398","0.7653","0.0051","6.8469","4.6020","19.2245","0.2394"
"#Hantavirus","179","0.4581","0.2849","0.3966","0.1173","0.0000","1.2570","1.8939","1.0168","0.9665","0.2514","0.0000","4.1285","4.5140","19.3073","0.2338"
"#Carcinoma","306","1.5392","0.2647","0.4085","0.2190","0.0033","2.4346","6.8529","0.7876","0.9281","0.6242","0.0033","9.1961","5.4706","19.5229","0.2802"
"#DeviatedSeptum","22","1.3636","0.6818","0.3182","0.2727","0.0000","2.6364","4.0455","0.9091","0.3182","0.5455","0.0000","5.8182","9.1818","17.2727","0.5316"
"#PulmonaryHypertension","1122","0.3307","0.1845","0.2460","0.1747","0.0009","0.9367","3.5098","1.9073","0.9430","0.6239","0.0018","6.9857","3.0517","21.3529","0.1429"
"#osteonecrosis","34","0.8824","0.0882","0.2647","0.1471","0.0000","1.3824","4.3824","0.7941","1.0294","0.8529","0.0000","7.0588","4.6471","20.1765","0.2303"
"#Eclampsia","14","1.5000","0.2857","0.5714","0.2143","0.0000","2.5714","5.6429","0.4286","0.7857","0.4286","0.0000","7.2857","9.3571","24.0000","0.3899"
"#prostatitis","182","0.8791","0.1703","0.2033","0.1978","0.0000","1.4505","4.6978","1.0659","0.5220","0.5440","0.0000","6.8297","4.4835","20.1374","0.2226"
"#Neuroblastoma","3208","0.1540","0.2329","0.0814","0.1362","0.0012","0.6057","4.1450","1.9710","0.5440","0.8292","0.0053","7.4944","1.5041","22.4676","0.0669"
"#Raynauds","345","0.8638","0.3652","0.2203","0.2609","0.0000","1.7101","8.1855","1.5478","0.4957","0.5913","0.0000","10.8203","5.7304","22.9855","0.2493"
"#CarpalTunnelSyndrome","244","1.2541","0.4918","0.4385","0.3361","0.0000","2.5205","3.8033","0.7623","0.6926","0.4918","0.0000","5.7500","6.2992","19.0943","0.3299"
"#PTSD","61921","0.2145","0.2025","0.1352","0.1072","0.0009","0.6602","6.4894","2.0512","0.7147","0.5815","0.0036","9.8403","1.2805","21.8483","0.0586"
"#ARDS45","0","0","0","0","0","0","0","0","0","0","0","0","0","0","0","0"
"#Encephalitis","718","0.6309","0.3788","0.2326","0.1630","0.0000","1.4053","4.0362","1.7646","0.7730","0.4916","0.0000","7.0655","3.9624","21.1560","0.1873"
"#erectiledysfunction","2889","0.4202","0.1000","0.2143","0.1959","0.0003","0.9304","4.9214","0.8750","0.9439","0.6597","0.0128","7.4129","2.2063","18.4784","0.1194"
"#PMDD","2442","0.2211","0.1572","0.1241","0.0905","0.0000","0.5930","3.2305","1.6589","0.7498","0.3084","0.0000","5.9476","2.4693","22.6339","0.1091"
"#Vasculitis","775","0.4735","0.3329","0.1832","0.1406","0.0000","1.1303","4.0155","1.7690","0.6206","0.5935","0.0000","6.9987","3.5045","20.1961","0.1735"
"#HendraVirus","0","0","0","0","0","0","0","0","0","0","0","0","0","0","0","0"
"#RectalCancer","783","0.2043","0.2529","0.1149","0.0958","0.0000","0.6679","3.4176","3.1149","0.9055","0.7650","0.0000","8.2031","2.0613","18.6271","0.1107"
"unknown-#BTSM","8761","0.2352","0.2102","0.1982","0.1311","0.0003","0.7751","3.5346","1.6972","0.7289","0.4954","0.0008","6.4569","2.1089","21.3895","0.0986"
"#Herpes","1342","1.7228","0.2846","0.4985","0.3249","0.0000","2.8308","6.4247","0.8308","0.8525","0.5313","0.0000","8.6393","5.0030","21.7593","0.2299"
"#fragileX","666","0.3198","0.2598","0.1817","0.1381","0.0015","0.9009","2.8153","2.4429","0.9339","0.4324","0.0015","6.6261","3.0285","21.3844","0.1416"
"#BrainCancer","3914","0.3906","0.2537","0.2218","0.1640","0.0018","1.0319","6.1226","2.2517","0.7008","0.6479","0.0074","9.7305","2.6403","21.4147","0.1233"
"#Nocturia","187","0.3583","0.1444","0.1711","0.2353","0.0000","0.9091","3.3529","0.8289","0.6738","0.7647","0.0000","5.6203","3.7540","20.5187","0.1830"
"#BattenDisease","187","0.4278","0.3422","0.2460","0.1711","0.0000","1.1872","2.9572","1.9465","0.8128","0.4813","0.0000","6.1979","4.3316","20.0695","0.2158"
"#Aspergers","7206","0.3404","0.2029","0.1674","0.1134","0.0000","0.8240","5.2921","1.0898","0.5606","0.4840","0.0000","7.4266","2.1731","23.9598","0.0907"
"#Bronchitis","593","0.8078","0.1551","0.1467","0.1197","0.0000","1.2293","4.3406","0.7099","0.5649","0.3609","0.0000","5.9764","3.5481","17.8398","0.1989"
"#OCD","9800","0.4591","0.2410","0.1768","0.1490","0.0003","1.0261","5.8074","2.1628","0.5059","0.4415","0.0007","8.9184","2.5717","22.4117","0.1147"
"#headandneckcancer","496","0.5323","0.3488","0.3125","0.2298","0.0040","1.4274","3.6815","1.9274","0.9153","0.5806","0.0040","7.1089","4.5060","19.7359","0.2283"
"#Infertility","11585","0.3834","0.2140","0.3658","0.2638","0.0009","1.2279","4.6261","1.1717","0.8659","0.5088","0.0237","7.1961","2.6308","22.2460","0.1183"
"#Chikungunya","1435","0.3742","0.1554","0.1742","0.1017","0.0000","0.8056","4.1150","1.2481","1.2774","0.3491","0.0000","6.9895","2.0279","19.9087","0.1019"
